"","ID","Description","GeneRatio","BgRatio","pvalue","p.adjust","qvalue","geneID","Count"
"GO:0007059","GO:0007059","chromosome segregation","27/279","298/14518",2.20509204689915e-11,7.64725921864624e-08,6.31816900174682e-08,"Kif23/Nuf2/Cit/Kntc1/Ncapg/Racgap1/Cenph/Aurkb/Cenpf/Bub1/Nusap1/Knl1/Cdca5/Kif22/Plk1/Cdca8/Spc24/Ska1/Bub1b/Esco2/Dlgap5/Kif18b/Ccnb1/Oip5/Dscc1/Ube2c/Brca1",27
"GO:0000070","GO:0000070","mitotic sister chromatid segregation","18/279","151/14518",6.77045717279941e-10,1.07142545695624e-06,8.85212193842917e-07,"Kif23/Nuf2/Cit/Kntc1/Ncapg/Racgap1/Aurkb/Bub1/Nusap1/Cdca5/Kif22/Plk1/Cdca8/Bub1b/Kif18b/Ccnb1/Dscc1/Ube2c",18
"GO:0098813","GO:0098813","nuclear chromosome segregation","22/279","238/14518",1.17106302316118e-09,1.07142545695624e-06,8.85212193842917e-07,"Kif23/Nuf2/Cit/Kntc1/Ncapg/Racgap1/Aurkb/Cenpf/Bub1/Nusap1/Knl1/Cdca5/Kif22/Plk1/Cdca8/Spc24/Bub1b/Esco2/Kif18b/Ccnb1/Dscc1/Ube2c",22
"GO:0000819","GO:0000819","sister chromatid segregation","19/279","176/14518",1.23578484077997e-09,1.07142545695624e-06,8.85212193842917e-07,"Kif23/Nuf2/Cit/Kntc1/Ncapg/Racgap1/Aurkb/Bub1/Nusap1/Cdca5/Kif22/Plk1/Cdca8/Bub1b/Esco2/Kif18b/Ccnb1/Dscc1/Ube2c",19
"GO:0140014","GO:0140014","mitotic nuclear division","22/279","260/14518",6.11989642382688e-09,4.24476015956632e-06,3.50702275066458e-06,"Kif23/Nuf2/Cit/Kif11/Kntc1/Tpx2/Ncapg/Kifc1/Racgap1/Aurkb/Bub1/Nusap1/Cdca5/Kif22/Plk1/Cdca8/Bub1b/Kif18b/Ccnb1/Edn1/Dscc1/Ube2c",22
"GO:0000280","GO:0000280","nuclear division","26/279","371/14518",1.30279563883456e-08,7.53015879246375e-06,6.221420577031e-06,"Lif/Kif23/Nuf2/Cit/Kif11/Kntc1/Tpx2/Fanca/Ncapg/Kifc1/Racgap1/Rad51/Aurkb/Bub1/Nusap1/Cdca5/Kif22/Plk1/Cdca8/Bub1b/Kif18b/Ccnb1/Edn1/Fignl1/Dscc1/Ube2c",26
"GO:0002443","GO:0002443","leukocyte mediated immunity","23/279","299/14518",1.6729159082733e-08,8.28810338555972e-06,6.84763474033071e-06,"C3/Ceacam1/C4b/Muc4/H2-Ab1/Igkc/Cd74/H2-Aa/Tnf/Kit/Cd70/C1qc/Ulbp1/Dnase1l3/C1qa/Ptprc/Tyrobp/Lilrb4b/Vav1/Cxcl5/Ptafr/Cd1d2/C1qb",23
"GO:0048285","GO:0048285","organelle fission","26/279","422/14518",1.72481129320808e-07,7.47705695605704e-05,6.17754781593737e-05,"Lif/Kif23/Nuf2/Cit/Kif11/Kntc1/Tpx2/Fanca/Ncapg/Kifc1/Racgap1/Rad51/Aurkb/Bub1/Nusap1/Cdca5/Kif22/Plk1/Cdca8/Bub1b/Kif18b/Ccnb1/Edn1/Fignl1/Dscc1/Ube2c",26
"GO:0045216","GO:0045216","cell-cell junction organization","16/279","176/14518",2.87533699807068e-07,0.000110796318992324,9.15399685233731e-05,"Micall2/Cldn4/Cldn3/Ceacam1/Ocln/Pkp2/Cldn7/Marveld2/Gjb6/Grhl1/Gjb2/Cldn1/Tnf/Tjp3/Csf1r/Nfasc",16
"GO:0002449","GO:0002449","lymphocyte mediated immunity","18/279","229/14518",4.60059288117752e-07,0.000159548561119236,0.000131819092869107,"C3/Ceacam1/C4b/Muc4/H2-Ab1/Igkc/Cd74/H2-Aa/Tnf/Cd70/C1qc/Ulbp1/C1qa/Ptprc/Lilrb4b/Vav1/Cd1d2/C1qb",18
"GO:0006959","GO:0006959","humoral immune response","13/279","133/14518",1.68474977017232e-06,0.000531155654814328,0.000438841040613307,"C3/Wfdc18/C4b/Igkc/Camp/Cxcl2/Tnf/Hamp/C1qc/C1qa/Ptprc/Cxcl5/C1qb",13
"GO:0019724","GO:0019724","B cell mediated immunity","12/279","114/14518",1.93681975332318e-06,0.0005597409087104,0.000462458190223308,"C3/C4b/H2-Ab1/Igkc/Cd74/H2-Aa/Tnf/Cd70/C1qc/C1qa/Ptprc/C1qb",12
"GO:0002252","GO:0002252","immune effector process","25/279","454/14518",2.36092636494162e-06,0.000629822510278272,0.000520359640920736,"C3/Ceacam1/C4b/Muc4/Lcp1/Laptm5/H2-Ab1/Igkc/Cd74/H2-Aa/Tnf/Kit/Cd70/C1qc/Ulbp1/Dnase1l3/C1qa/Ptprc/Tyrobp/Lilrb4b/Vav1/Cxcl5/Ptafr/Cd1d2/C1qb",25
"GO:0007043","GO:0007043","cell-cell junction assembly","12/279","119/14518",3.05566874034839e-06,0.000752158437907252,0.000621433639283536,"Micall2/Cldn4/Cldn3/Ocln/Pkp2/Cldn7/Marveld2/Gjb6/Gjb2/Cldn1/Tnf/Nfasc",12
"GO:1902850","GO:1902850","microtubule cytoskeleton organization involved in mitosis","13/279","141/14518",3.25328044077531e-06,0.000752158437907252,0.000621433639283536,"Kif23/Nuf2/Kif11/Tpx2/Kifc1/Racgap1/Cenph/Cenpa/Aurkb/Nusap1/Plk1/Dlgap5/Ccnb1",13
"GO:0045672","GO:0045672","positive regulation of osteoclast differentiation","6/279","23/14518",3.66000960229739e-06,0.000781769502532213,0.00064589831417856,"Csf1/Dlk1/Tnf/Csf1r/Car2/Tyrobp",6
"GO:0002763","GO:0002763","positive regulation of myeloid leukocyte differentiation","8/279","49/14518",3.83220344378536e-06,0.000781769502532213,0.00064589831417856,"Lif/Csf1/Dlk1/Cd74/Tnf/Csf1r/Car2/Tyrobp",8
"GO:0002761","GO:0002761","regulation of myeloid leukocyte differentiation","11/279","104/14518",4.9695141138628e-06,0.000957459719270899,0.00079105365017161,"Lif/Csf1/Ceacam1/Dlk1/Cd74/Tnf/Csf1r/C1qc/Car2/Tyrobp/Lilrb4b",11
"GO:0002455","GO:0002455","humoral immune response mediated by circulating immunoglobulin","7/279","38/14518",6.80301752264426e-06,0.00121032509295903,0.000999971135504907,"C3/Igkc/Tnf/C1qc/C1qa/Ptprc/C1qb",7
"GO:0001910","GO:0001910","regulation of leukocyte mediated cytotoxicity","9/279","70/14518",7.32895817535742e-06,0.00121032509295903,0.000999971135504907,"Ceacam1/Muc4/Ulbp1/Dnase1l3/Ptprc/Tyrobp/Vav1/Cxcl5/Cd1d2",9
"GO:1905818","GO:1905818","regulation of chromosome separation","9/279","70/14518",7.32895817535742e-06,0.00121032509295903,0.000999971135504907,"Cit/Kntc1/Ncapg/Aurkb/Bub1/Plk1/Bub1b/Ccnb1/Ube2c",9
"GO:0071459","GO:0071459","protein localization to chromosome, centromeric region","6/279","26/14518",7.95212030552632e-06,0.00125354332816206,0.00103567806084415,"Kntc1/Cdk1/Cenpa/Aurkb/Knl1/Bub1b",6
"GO:0001906","GO:0001906","cell killing","12/279","132/14518",9.00666850324991e-06,0.00135314037186557,0.00111796518309296,"C3/Ceacam1/Muc4/Lyz2/Hamp/Ulbp1/Dnase1l3/Ptprc/Tyrobp/Vav1/Cxcl5/Cd1d2",12
"GO:0070830","GO:0070830","bicellular tight junction assembly","8/279","55/14518",9.36429323090358e-06,0.00135314037186557,0.00111796518309296,"Micall2/Cldn4/Cldn3/Ocln/Cldn7/Marveld2/Cldn1/Tnf",8
"GO:0016064","GO:0016064","immunoglobulin mediated immune response","11/279","112/14518",1.02089546259661e-05,0.00141618618571402,0.00117005366281599,"C3/C4b/H2-Ab1/Igkc/Cd74/H2-Aa/Tnf/C1qc/C1qa/Ptprc/C1qb",11
"GO:0007091","GO:0007091","metaphase/anaphase transition of mitotic cell cycle","8/279","56/14518",1.07450373174889e-05,0.0014332226698866,0.00118412921369251,"Cit/Kntc1/Aurkb/Bub1/Plk1/Bub1b/Ccnb1/Ube2c",8
"GO:0010965","GO:0010965","regulation of mitotic sister chromatid separation","8/279","57/14518",1.22934609168909e-05,0.00152705766910566,0.00126165573219985,"Cit/Kntc1/Aurkb/Bub1/Plk1/Bub1b/Ccnb1/Ube2c",8
"GO:0002250","GO:0002250","adaptive immune response","19/279","317/14518",1.2329185333033e-05,0.00152705766910566,0.00126165573219985,"C3/C4b/Muc4/H2-Ab1/Igkc/Cd74/H2-Aa/Tnf/Cd70/C1qc/Prkcb/C1qa/Ptprc/Lilrb4b/Il1rl1/Alox15/Cd1d2/Btla/C1qb",19
"GO:0044784","GO:0044784","metaphase/anaphase transition of cell cycle","8/279","58/14518",1.40255838128238e-05,0.00167726636768528,0.00138575822644307,"Cit/Kntc1/Aurkb/Bub1/Plk1/Bub1b/Ccnb1/Ube2c",8
"GO:0007052","GO:0007052","mitotic spindle organization","11/279","118/14518",1.68142962478425e-05,0.00190325704286309,0.00157247182379449,"Kif23/Nuf2/Kif11/Tpx2/Kifc1/Racgap1/Cenph/Aurkb/Plk1/Dlgap5/Ccnb1",11
"GO:1902107","GO:1902107","positive regulation of leukocyte differentiation","12/279","141/14518",1.76396152707639e-05,0.00190325704286309,0.00157247182379449,"Lif/Csf1/Dlk1/Cd74/Cd83/H2-Aa/Tnf/Csf1r/Car2/Ptprc/Tyrobp/Lilrb4b",12
"GO:1903708","GO:1903708","positive regulation of hemopoiesis","12/279","141/14518",1.76396152707639e-05,0.00190325704286309,0.00157247182379449,"Lif/Csf1/Dlk1/Cd74/Cd83/H2-Aa/Tnf/Csf1r/Car2/Ptprc/Tyrobp/Lilrb4b",12
"GO:0051306","GO:0051306","mitotic sister chromatid separation","8/279","60/14518",1.81105773974862e-05,0.00190325704286309,0.00157247182379449,"Cit/Kntc1/Aurkb/Bub1/Plk1/Bub1b/Ccnb1/Ube2c",8
"GO:0002703","GO:0002703","regulation of leukocyte mediated immunity","14/279","191/14518",1.96443737506653e-05,0.00197494803904027,0.0016317029570411,"C3/Ceacam1/Muc4/Tnf/Kit/Ulbp1/Dnase1l3/Ptprc/Tyrobp/Lilrb4b/Vav1/Cxcl5/Ptafr/Cd1d2",14
"GO:0045670","GO:0045670","regulation of osteoclast differentiation","8/279","61/14518",2.0501190716681e-05,0.00197494803904027,0.0016317029570411,"Csf1/Ceacam1/Dlk1/Tnf/Csf1r/Car2/Tyrobp/Lilrb4b",8
"GO:0120192","GO:0120192","tight junction assembly","8/279","61/14518",2.0501190716681e-05,0.00197494803904027,0.0016317029570411,"Micall2/Cldn4/Cldn3/Ocln/Cldn7/Marveld2/Cldn1/Tnf",8
"GO:0031341","GO:0031341","regulation of cell killing","9/279","81/14518",2.44540069278361e-05,0.00229206746015502,0.00189370716522247,"Ceacam1/Muc4/Ulbp1/Dnase1l3/Ptprc/Tyrobp/Vav1/Cxcl5/Cd1d2",9
"GO:0048871","GO:0048871","multicellular organismal homeostasis","23/279","457/14518",2.57852138046041e-05,0.0023193114539779,0.00191621616515748,"Csf1/Nr1d1/Cldn4/Ccn2/Ceacam1/Muc4/Ocln/Dlk1/Ctss/Grhl1/Col9a1/Fgf21/Cldn1/Tnf/Slc1a1/Tjp3/Hamp/Csf1r/Htr2a/Atp6v1b1/Trpm2/Car2/Il1rn",23
"GO:0033045","GO:0033045","regulation of sister chromatid segregation","8/279","63/14518",2.60822222333155e-05,0.0023193114539779,0.00191621616515748,"Cit/Kntc1/Aurkb/Bub1/Plk1/Bub1b/Ccnb1/Ube2c",8
"GO:0002460","GO:0002460","adaptive immune response based on somatic recombination of immune receptors built from immunoglobulin superfamily domains","16/279","251/14518",2.8754272599589e-05,0.00247986861831845,0.00204886856646112,"C3/C4b/Muc4/H2-Ab1/Igkc/Cd74/H2-Aa/Tnf/Cd70/C1qc/C1qa/Ptprc/Lilrb4b/Il1rl1/Cd1d2/C1qb",16
"GO:0043297","GO:0043297","apical junction assembly","8/279","64/14518",2.93179392592435e-05,0.00247986861831845,0.00204886856646112,"Micall2/Cldn4/Cldn3/Ocln/Cldn7/Marveld2/Cldn1/Tnf",8
"GO:0007093","GO:0007093","mitotic cell cycle checkpoint signaling","11/279","127/14518",3.35620452239026e-05,0.00277126601991653,0.00228962123056298,"Kntc1/Ticrr/Cdk1/D7Ertd443e/Aurkb/Bub1/Plk1/Bub1b/Ccnb1/Brca1/Hmga2",11
"GO:0051983","GO:0051983","regulation of chromosome segregation","9/279","85/14518",3.60951813502024e-05,0.00291111834703493,0.00240516728605265,"Cit/Kntc1/Ncapg/Aurkb/Bub1/Plk1/Bub1b/Ccnb1/Ube2c",9
"GO:0008608","GO:0008608","attachment of spindle microtubules to kinetochore","6/279","34/14518",4.08250987832335e-05,0.00303312884870324,0.00250597241734056,"Nuf2/Racgap1/Aurkb/Knl1/Spc24/Ccnb1",6
"GO:0032945","GO:0032945","negative regulation of mononuclear cell proliferation","8/279","67/14518",4.11064174997267e-05,0.00303312884870324,0.00250597241734056,"Ceacam1/Laptm5/H2-Ab1/H2-Aa/Tyrobp/Gal/Lilrb4b/Btla",8
"GO:0050672","GO:0050672","negative regulation of lymphocyte proliferation","8/279","67/14518",4.11064174997267e-05,0.00303312884870324,0.00250597241734056,"Ceacam1/Laptm5/H2-Ab1/H2-Aa/Tyrobp/Gal/Lilrb4b/Btla",8
"GO:0120193","GO:0120193","tight junction organization","8/279","67/14518",4.11064174997267e-05,0.00303312884870324,0.00250597241734056,"Micall2/Cldn4/Cldn3/Ocln/Cldn7/Marveld2/Cldn1/Tnf",8
"GO:0002274","GO:0002274","myeloid leukocyte activation","13/279","179/14518",4.28280428449113e-05,0.00309432609554484,0.00255653361017211,"Nr1d1/Camp/Tnf/Kit/Hamp/Ulbp1/Dnase1l3/C1qa/Timd2/Tyrobp/Lilrb4b/Il1rl1/Ptafr",13
"GO:0051784","GO:0051784","negative regulation of nuclear division","7/279","50/14518",4.42222811970201e-05,0.00312985451410747,0.00258588720554863,"Lif/Kntc1/Aurkb/Bub1/Plk1/Bub1b/Ccnb1",7
"GO:0007094","GO:0007094","mitotic spindle assembly checkpoint signaling","6/279","35/14518",4.84837940690801e-05,0.00329689799669745,0.00272389860590374,"Kntc1/Aurkb/Bub1/Plk1/Bub1b/Ccnb1",6
"GO:0071173","GO:0071173","spindle assembly checkpoint signaling","6/279","35/14518",4.84837940690801e-05,0.00329689799669745,0.00272389860590374,"Kntc1/Aurkb/Bub1/Plk1/Bub1b/Ccnb1",6
"GO:0051383","GO:0051383","kinetochore organization","5/279","22/14518",5.09278455303311e-05,0.00339649554421516,0.00280618614440408,"Nuf2/Kntc1/Cenph/Cenpa/Dlgap5",5
"GO:0140694","GO:0140694","non-membrane-bounded organelle assembly","19/279","352/14518",5.21854589117459e-05,0.00341470134916858,0.002821227788635,"Kif23/Lcp1/Kif11/Kntc1/Tpx2/Kifc1/Racgap1/D7Ertd443e/Cenph/Cenpa/Aurkb/Smim22/Hck/Plk1/Tnf/Dlgap5/Edn1/Myom2/Nrap",19
"GO:0070664","GO:0070664","negative regulation of leukocyte proliferation","8/279","70/14518",5.66114575265845e-05,0.00360990513116029,0.00298250524100599,"Ceacam1/Laptm5/H2-Ab1/H2-Aa/Tyrobp/Gal/Lilrb4b/Btla",8
"GO:0030261","GO:0030261","chromosome condensation","6/279","36/14518",5.72505139024845e-05,0.00360990513116029,0.00298250524100599,"Ncapg/Cdk1/Nusap1/Cdca5/Ccnb1/Hmga2",6
"GO:0051304","GO:0051304","chromosome separation","9/279","91/14518",6.2153193923106e-05,0.00382271979927815,0.00315833281540555,"Cit/Kntc1/Ncapg/Aurkb/Bub1/Plk1/Bub1b/Ccnb1/Ube2c",9
"GO:0030071","GO:0030071","regulation of mitotic metaphase/anaphase transition","7/279","53/14518",6.49731372033878e-05,0.00382271979927815,0.00315833281540555,"Kntc1/Aurkb/Bub1/Plk1/Bub1b/Ccnb1/Ube2c",7
"GO:0044772","GO:0044772","mitotic cell cycle phase transition","20/279","389/14518",6.53613678816575e-05,0.00382271979927815,0.00315833281540555,"Ak1/Ccna2/Pole/Cit/Kntc1/Ticrr/Cdk1/D7Ertd443e/Iqgap3/Aurkb/Cenpf/Bub1/Cdca5/Plk1/Tjp3/Bub1b/Ccnb1/Ube2c/Brca1/Hmga2",20
"GO:0007095","GO:0007095","mitotic G2 DNA damage checkpoint signaling","6/279","37/14518",6.72393044279028e-05,0.00382271979927815,0.00315833281540555,"Ticrr/Cdk1/D7Ertd443e/Plk1/Brca1/Hmga2",6
"GO:0045841","GO:0045841","negative regulation of mitotic metaphase/anaphase transition","6/279","37/14518",6.72393044279028e-05,0.00382271979927815,0.00315833281540555,"Kntc1/Aurkb/Bub1/Plk1/Bub1b/Ccnb1",6
"GO:0071174","GO:0071174","mitotic spindle checkpoint signaling","6/279","37/14518",6.72393044279028e-05,0.00382271979927815,0.00315833281540555,"Kntc1/Aurkb/Bub1/Plk1/Bub1b/Ccnb1",6
"GO:0033046","GO:0033046","negative regulation of sister chromatid segregation","6/279","38/14518",7.8571108222639e-05,0.00419207082024788,0.00346349079485058,"Kntc1/Aurkb/Bub1/Plk1/Bub1b/Ccnb1",6
"GO:0033048","GO:0033048","negative regulation of mitotic sister chromatid segregation","6/279","38/14518",7.8571108222639e-05,0.00419207082024788,0.00346349079485058,"Kntc1/Aurkb/Bub1/Plk1/Bub1b/Ccnb1",6
"GO:1902100","GO:1902100","negative regulation of metaphase/anaphase transition of cell cycle","6/279","38/14518",7.8571108222639e-05,0.00419207082024788,0.00346349079485058,"Kntc1/Aurkb/Bub1/Plk1/Bub1b/Ccnb1",6
"GO:2000816","GO:2000816","negative regulation of mitotic sister chromatid separation","6/279","38/14518",7.8571108222639e-05,0.00419207082024788,0.00346349079485058,"Kntc1/Aurkb/Bub1/Plk1/Bub1b/Ccnb1",6
"GO:1902099","GO:1902099","regulation of metaphase/anaphase transition of cell cycle","7/279","55/14518",8.27823142760645e-05,0.00434983433196048,0.00359383507909805,"Kntc1/Aurkb/Bub1/Plk1/Bub1b/Ccnb1/Ube2c",7
"GO:0001909","GO:0001909","leukocyte mediated cytotoxicity","9/279","95/14518",8.71554407465327e-05,0.00444492747807317,0.00367240107913409,"Ceacam1/Muc4/Ulbp1/Dnase1l3/Ptprc/Tyrobp/Vav1/Cxcl5/Cd1d2",9
"GO:0034502","GO:0034502","protein localization to chromosome","9/279","95/14518",8.71554407465327e-05,0.00444492747807317,0.00367240107913409,"Kntc1/Cdk1/Cenpa/Aurkb/Knl1/Cdca5/Plk1/Bub1b/Esco2",9
"GO:1902105","GO:1902105","regulation of leukocyte differentiation","15/279","247/14518",8.84664660088852e-05,0.00444640150896832,0.00367361892412182,"Lif/Csf1/Ceacam1/Dlk1/Fanca/Cd74/Cd83/H2-Aa/Tnf/Csf1r/C1qc/Car2/Ptprc/Tyrobp/Lilrb4b",15
"GO:1905819","GO:1905819","negative regulation of chromosome separation","6/279","39/14518",9.13738363062002e-05,0.00452692091871289,0.00374014409662372,"Kntc1/Aurkb/Bub1/Plk1/Bub1b/Ccnb1",6
"GO:0031577","GO:0031577","spindle checkpoint signaling","6/279","40/14518",0.000105782425319594,0.00509518681956046,0.00420964563918035,"Kntc1/Aurkb/Bub1/Plk1/Bub1b/Ccnb1",6
"GO:0051985","GO:0051985","negative regulation of chromosome segregation","6/279","40/14518",0.000105782425319594,0.00509518681956046,0.00420964563918035,"Kntc1/Aurkb/Bub1/Plk1/Bub1b/Ccnb1",6
"GO:1904659","GO:1904659","glucose transmembrane transport","9/279","98/14518",0.000111025172486299,0.00527445613948608,0.00435775803183425,"Ak1/C3/Ocln/Slc5a1/Fgf21/Tnf/Edn1/Prkcb/Rnasel",9
"GO:0006958","GO:0006958","complement activation, classical pathway","5/279","26/14518",0.000119452610179164,0.00555372352410174,0.00458848887045618,"C3/Igkc/C1qc/C1qa/C1qb",5
"GO:0008645","GO:0008645","hexose transmembrane transport","9/279","99/14518",0.000120106477597356,0.00555372352410174,0.00458848887045618,"Ak1/C3/Ocln/Slc5a1/Fgf21/Tnf/Edn1/Prkcb/Rnasel",9
"GO:0033047","GO:0033047","regulation of mitotic sister chromatid segregation","6/279","41/14518",0.000121938879994491,0.00556426362922232,0.00459719711004163,"Kntc1/Aurkb/Bub1/Plk1/Bub1b/Ccnb1",6
"GO:0002521","GO:0002521","leukocyte differentiation","22/279","474/14518",0.000127276921170456,0.00573242029375506,0.00473612822181791,"Lif/Csf1/Ceacam1/Dlk1/Fanca/Laptm5/H2-Ab1/Igkc/Igkj5/Cd74/Cd83/H2-Aa/Tnf/Kit/Csf1r/C1qc/Trpm2/Car2/Ptprc/Tyrobp/Lilrb4b/Vav1",22
"GO:0002697","GO:0002697","regulation of immune effector process","16/279","285/14518",0.000129986458356419,0.00577939791769311,0.0047749411558188,"C3/Ceacam1/Muc4/Laptm5/Cd74/Tnf/Kit/Ulbp1/Dnase1l3/Ptprc/Tyrobp/Lilrb4b/Vav1/Cxcl5/Ptafr/Cd1d2",16
"GO:0010827","GO:0010827","regulation of glucose transmembrane transport","8/279","79/14518",0.000134797166908839,0.00586737900452697,0.0048476311692838,"Ak1/C3/Ocln/Fgf21/Tnf/Edn1/Prkcb/Rnasel",8
"GO:1901990","GO:1901990","regulation of mitotic cell cycle phase transition","16/279","286/14518",0.000135348996644221,0.00586737900452697,0.0048476311692838,"Ak1/Kntc1/Ticrr/Cdk1/D7Ertd443e/Aurkb/Cenpf/Bub1/Cdca5/Plk1/Tjp3/Bub1b/Ccnb1/Ube2c/Brca1/Hmga2",16
"GO:0006956","GO:0006956","complement activation","6/279","42/14518",0.00013999230107293,0.00592695922171644,0.00489685637149037,"C3/C4b/Igkc/C1qc/C1qa/C1qb",6
"GO:0015749","GO:0015749","monosaccharide transmembrane transport","9/279","101/14518",0.000140141481020977,0.00592695922171644,0.00489685637149037,"Ak1/C3/Ocln/Slc5a1/Fgf21/Tnf/Edn1/Prkcb/Rnasel",9
"GO:0001819","GO:0001819","positive regulation of cytokine production","19/279","383/14518",0.000158475248865626,0.00662159232609626,0.00547076255437201,"Chil1/C3/Dlk1/Laptm5/Serpine1/Cd74/Cd83/Camp/Tnf/Kit/Csf1r/Ulbp1/Ptprc/Tyrobp/Il1rl1/Scamp5/Htr2b/Ptafr/Brca1",19
"GO:0051310","GO:0051310","metaphase plate congression","7/279","61/14518",0.000161344578060907,0.00666122615137174,0.00550350803861891,"Nuf2/Aurkb/Cenpf/Cdca5/Kif22/Cdca8/Ccnb1",7
"GO:0002683","GO:0002683","negative regulation of immune system process","17/279","325/14518",0.000188421329104803,0.00768759022747597,0.00635149049935944,"Nr1d1/Ceacam1/Muc4/Smpdl3b/Laptm5/H2-Ab1/Cd74/H2-Aa/Tnf/C1qc/Ptprc/Tyrobp/Gal/Lilrb4b/Il1rl1/Alox15/Btla",17
"GO:0019886","GO:0019886","antigen processing and presentation of exogenous peptide antigen via MHC class II","4/279","16/14518",0.000202452213286739,0.00816288368667983,0.00674417816886496,"Ctss/H2-Ab1/Cd74/H2-Aa",4
"GO:0019884","GO:0019884","antigen processing and presentation of exogenous antigen","5/279","29/14518",0.000205722830168484,0.00816288368667983,0.00674417816886496,"Ctss/H2-Ab1/Cd74/H2-Aa/Cd1d2",5
"GO:0050829","GO:0050829","defense response to Gram-negative bacterium","6/279","45/14518",0.000207131996663156,0.00816288368667983,0.00674417816886496,"Mpeg1/Serpine1/Lyz2/Camp/Hamp/Cxcl5",6
"GO:0032944","GO:0032944","regulation of mononuclear cell proliferation","12/279","183/14518",0.000221094853277802,0.00861524664233054,0.00711792064603404,"Csf1/Ceacam1/Laptm5/H2-Ab1/Cd74/H2-Aa/Csf1r/Ptprc/Tyrobp/Gal/Lilrb4b/Btla",12
"GO:1901991","GO:1901991","negative regulation of mitotic cell cycle phase transition","11/279","157/14518",0.000227273057732607,0.00875758849129645,0.00723552354559247,"Kntc1/Ticrr/Cdk1/D7Ertd443e/Aurkb/Bub1/Plk1/Bub1b/Ccnb1/Brca1/Hmga2",11
"GO:0034219","GO:0034219","carbohydrate transmembrane transport","9/279","108/14518",0.00023357028194038,0.00890133777768394,0.00735428927058085,"Ak1/C3/Ocln/Slc5a1/Fgf21/Tnf/Edn1/Prkcb/Rnasel",9
"GO:0050778","GO:0050778","positive regulation of immune response","19/279","396/14518",0.000242568823094909,0.00906237810220847,0.00748734085904555,"C3/C4b/Laptm5/H2-Ab1/Igkc/Cd74/Tnf/C1qc/Ulbp1/Prkcb/Kcnn4/C1qa/Ptprc/Tyrobp/Lilrb4b/Vav1/Ptafr/Cd1d2/C1qb",19
"GO:0034508","GO:0034508","centromere complex assembly","5/279","30/14518",0.000243022250145729,0.00906237810220847,0.00748734085904555,"Kntc1/Cenph/Cenpa/Dlgap5/Oip5",5
"GO:0051382","GO:0051382","kinetochore assembly","4/279","17/14518",0.000260760990398432,0.00929852342313133,0.0076824442292732,"Kntc1/Cenph/Cenpa/Dlgap5",4
"GO:0007080","GO:0007080","mitotic metaphase plate congression","6/279","47/14518",0.000264429682470802,0.00929852342313133,0.0076824442292732,"Nuf2/Aurkb/Cdca5/Kif22/Cdca8/Ccnb1",6
"GO:0045839","GO:0045839","negative regulation of mitotic nuclear division","6/279","47/14518",0.000264429682470802,0.00929852342313133,0.0076824442292732,"Kntc1/Aurkb/Bub1/Plk1/Bub1b/Ccnb1",6
"GO:0045639","GO:0045639","positive regulation of myeloid cell differentiation","8/279","87/14518",0.000264537067014736,0.00929852342313133,0.0076824442292732,"Lif/Csf1/Dlk1/Cd74/Tnf/Csf1r/Car2/Tyrobp",8
"GO:0061640","GO:0061640","cytoskeleton-dependent cytokinesis","8/279","87/14518",0.000264537067014736,0.00929852342313133,0.0076824442292732,"Kif23/Cit/Cep55/Racgap1/Cenpa/Aurkb/Nusap1/Plk1",8
"GO:0000281","GO:0000281","mitotic cytokinesis","7/279","66/14518",0.000265442277649943,0.00929852342313133,0.0076824442292732,"Kif23/Cit/Cep55/Racgap1/Cenpa/Nusap1/Plk1",7
"GO:0007346","GO:0007346","regulation of mitotic cell cycle","20/279","433/14518",0.000274953447398295,0.00953538555577287,0.00787813982966483,"Ak1/Kntc1/Ticrr/Cdk1/D7Ertd443e/Aurkb/Cenpf/Bub1/Nusap1/Cdca5/Plk1/Tnf/Tjp3/Bub1b/Dlgap5/Ccnb1/Edn1/Ube2c/Brca1/Hmga2",20
"GO:0045823","GO:0045823","positive regulation of heart contraction","5/279","31/14518",0.000285246102954144,0.00979439094103931,0.00809213019532234,"Ccn2/Scn5a/Slc1a1/Edn1/Adm2",5
"GO:0090307","GO:0090307","mitotic spindle assembly","7/279","67/14518",0.000291614794667468,0.0099149030186939,0.008191697328017,"Kif23/Kif11/Tpx2/Kifc1/Racgap1/Aurkb/Plk1",7
"GO:0044770","GO:0044770","cell cycle phase transition","21/279","472/14518",0.000320986055139693,0.0107089196888038,0.00884771425754994,"Ak1/Ccna2/Pole/Cit/Kntc1/Ticrr/Cdk1/D7Ertd443e/Iqgap3/Aurkb/Cenpf/Bub1/Cdca5/Plk1/Tjp3/Bub1b/Ccnb1/Ptprc/Ube2c/Brca1/Hmga2",21
"GO:0002495","GO:0002495","antigen processing and presentation of peptide antigen via MHC class II","4/279","18/14518",0.000330221772779183,0.0107089196888038,0.00884771425754994,"Ctss/H2-Ab1/Cd74/H2-Aa",4
"GO:0150146","GO:0150146","cell junction disassembly","4/279","18/14518",0.000330221772779183,0.0107089196888038,0.00884771425754994,"C3/C1qc/C1qa/C1qb",4
"GO:0000075","GO:0000075","cell cycle checkpoint signaling","11/279","164/14518",0.000331476576583368,0.0107089196888038,0.00884771425754994,"Kntc1/Ticrr/Cdk1/D7Ertd443e/Aurkb/Bub1/Plk1/Bub1b/Ccnb1/Brca1/Hmga2",11
"GO:0007062","GO:0007062","sister chromatid cohesion","6/279","49/14518",0.000333495768855483,0.0107089196888038,0.00884771425754994,"Bub1/Cdca5/Kif22/Bub1b/Esco2/Dscc1",6
"GO:0044818","GO:0044818","mitotic G2/M transition checkpoint","6/279","49/14518",0.000333495768855483,0.0107089196888038,0.00884771425754994,"Ticrr/Cdk1/D7Ertd443e/Plk1/Brca1/Hmga2",6
"GO:0002573","GO:0002573","myeloid leukocyte differentiation","12/279","192/14518",0.000343732624682669,0.0109363737834816,0.00903563693274964,"Lif/Csf1/Ceacam1/Dlk1/Cd74/Tnf/Kit/Csf1r/C1qc/Car2/Tyrobp/Lilrb4b",12
"GO:0002705","GO:0002705","positive regulation of leukocyte mediated immunity","9/279","116/14518",0.00039846923669057,0.0125626482985718,0.0103792656676721,"C3/Tnf/Kit/Ulbp1/Ptprc/Tyrobp/Vav1/Ptafr/Cd1d2",9
"GO:0014821","GO:0014821","phasic smooth muscle contraction","4/279","19/14518",0.000411993880037073,0.0128720250087259,0.0106348728445795,"Kit/Edn1/Htr2b/P2rx2",4
"GO:0030316","GO:0030316","osteoclast differentiation","8/279","93/14518",0.000417599123264891,0.0129306585668093,0.0106833159166075,"Csf1/Ceacam1/Dlk1/Tnf/Csf1r/Car2/Tyrobp/Lilrb4b",8
"GO:1903524","GO:1903524","positive regulation of blood circulation","5/279","34/14518",0.000445673794112445,0.0136778470617872,0.0113006433868102,"Ccn2/Scn5a/Slc1a1/Edn1/Adm2",5
"GO:0070663","GO:0070663","regulation of leukocyte proliferation","12/279","198/14518",0.000454136729192065,0.0138153173406849,0.0114142213929899,"Csf1/Ceacam1/Laptm5/H2-Ab1/Cd74/H2-Aa/Csf1r/Ptprc/Tyrobp/Gal/Lilrb4b/Btla",12
"GO:0051347","GO:0051347","positive regulation of transferase activity","20/279","451/14518",0.000463780815559515,0.0139860162466122,0.0115552529057483,"Csf1/Chil1/Ceacam1/Tpx2/Cd74/Ppp1r9a/Aurkb/Plk1/Tnf/Slc1a1/Kit/Csf1r/Htr2a/Edn1/Dscc1/Ptprc/Ltk/Il1rn/Htr2b/Hmga2",20
"GO:0051783","GO:0051783","regulation of nuclear division","9/279","119/14518",0.000480942576540016,0.0142945036330001,0.0118101253229607,"Lif/Kntc1/Aurkb/Bub1/Nusap1/Plk1/Bub1b/Ccnb1/Edn1",9
"GO:0010389","GO:0010389","regulation of G2/M transition of mitotic cell cycle","8/279","95/14518",0.000482254015300178,0.0142945036330001,0.0118101253229607,"Ticrr/Cdk1/D7Ertd443e/Cenpf/Plk1/Ccnb1/Brca1/Hmga2",8
"GO:0051303","GO:0051303","establishment of chromosome localization","7/279","73/14518",0.000495467123415153,0.0145385580735153,0.0120117632113485,"Nuf2/Aurkb/Cenpf/Cdca5/Kif22/Cdca8/Ccnb1",7
"GO:0002504","GO:0002504","antigen processing and presentation of peptide or polysaccharide antigen via MHC class II","4/279","20/14518",0.000507256495644566,0.0145385580735153,0.0120117632113485,"Ctss/H2-Ab1/Cd74/H2-Aa",4
"GO:0034501","GO:0034501","protein localization to kinetochore","4/279","20/14518",0.000507256495644566,0.0145385580735153,0.0120117632113485,"Kntc1/Cdk1/Aurkb/Knl1",4
"GO:1903083","GO:1903083","protein localization to condensed chromosome","4/279","20/14518",0.000507256495644566,0.0145385580735153,0.0120117632113485,"Kntc1/Cdk1/Aurkb/Knl1",4
"GO:0043410","GO:0043410","positive regulation of MAPK cascade","19/279","421/14518",0.000518518487511954,0.0147395255302578,0.0121778026143877,"Lif/Chil1/C3/Ccn2/Ceacam1/Laptm5/Cd74/Iqgap3/Fgf21/Tnf/Kit/Csf1r/Htr2a/Edn1/Ptprc/Tnfrsf19/Alox15/Il1rn/Htr2b",19
"GO:0007162","GO:0007162","negative regulation of cell adhesion","14/279","261/14518",0.000537775538881355,0.0149601195149154,0.012360057463607,"Plet1/Ceacam1/Muc4/Cldn7/Laptm5/H2-Ab1/Serpine1/Cd74/H2-Aa/Ptprc/Nexmif/Lilrb4b/Il1rn/Btla",14
"GO:0001894","GO:0001894","tissue homeostasis","13/279","231/14518",0.000539219994049718,0.0149601195149154,0.012360057463607,"Csf1/Ccn2/Ceacam1/Muc4/Ocln/Dlk1/Ctss/Col9a1/Slc1a1/Tjp3/Hamp/Csf1r/Car2",13
"GO:0032943","GO:0032943","mononuclear cell proliferation","13/279","231/14518",0.000539219994049718,0.0149601195149154,0.012360057463607,"Csf1/Ceacam1/Laptm5/H2-Ab1/Cd74/H2-Aa/Cd70/Csf1r/Ptprc/Tyrobp/Gal/Lilrb4b/Btla",13
"GO:0045766","GO:0045766","positive regulation of angiogenesis","10/279","147/14518",0.000550022229116262,0.0150195046501984,0.0124091214890548,"Chil1/C3/Sfrp2/Serpine1/Camp/Adm2/Prkcb/Mmp9/Brca1/Hmga2",10
"GO:1904018","GO:1904018","positive regulation of vasculature development","10/279","147/14518",0.000550022229116262,0.0150195046501984,0.0124091214890548,"Chil1/C3/Sfrp2/Serpine1/Camp/Adm2/Prkcb/Mmp9/Brca1/Hmga2",10
"GO:0002699","GO:0002699","positive regulation of immune effector process","12/279","203/14518",0.000567708880353238,0.0153813624770705,0.0127080885881703,"C3/Ceacam1/Laptm5/Cd74/Tnf/Kit/Ulbp1/Ptprc/Tyrobp/Vav1/Ptafr/Cd1d2",12
"GO:0045637","GO:0045637","regulation of myeloid cell differentiation","11/279","175/14518",0.000574983097546247,0.015457685134034,0.0127711464016392,"Lif/Csf1/Ceacam1/Dlk1/Cd74/Tnf/Csf1r/C1qc/Car2/Tyrobp/Lilrb4b",11
"GO:0002695","GO:0002695","negative regulation of leukocyte activation","10/279","148/14518",0.000580085493403736,0.0154665007087804,0.0127784298334549,"Nr1d1/Ceacam1/Laptm5/H2-Ab1/Cd74/H2-Aa/Tyrobp/Gal/Lilrb4b/Btla",10
"GO:0050000","GO:0050000","chromosome localization","7/279","75/14518",0.000584230563105605,0.0154665007087804,0.0127784298334549,"Nuf2/Aurkb/Cenpf/Cdca5/Kif22/Cdca8/Ccnb1",7
"GO:0007088","GO:0007088","regulation of mitotic nuclear division","8/279","98/14518",0.00059424443337724,0.0156124219314566,0.0128989900131806,"Kntc1/Aurkb/Bub1/Nusap1/Plk1/Bub1b/Ccnb1/Edn1",8
"GO:0060249","GO:0060249","anatomical structure homeostasis","14/279","264/14518",0.000602117816201552,0.0157003352374961,0.0129716240261229,"Csf1/Ccn2/Ceacam1/Muc4/Ocln/Dlk1/Ctss/Col9a1/Slc1a1/Tjp3/Hamp/Csf1r/Car2/P2rx2",14
"GO:0006268","GO:0006268","DNA unwinding involved in DNA replication","4/279","21/14518",0.000617204332813618,0.0159736166134151,0.0131974092216706,"Rad51/Mcm2/Mcm3/Mcm5",4
"GO:0042130","GO:0042130","negative regulation of T cell proliferation","6/279","55/14518",0.00062798123455439,0.016132140158775,0.0133283814460589,"Ceacam1/Laptm5/H2-Ab1/H2-Aa/Lilrb4b/Btla",6
"GO:0007051","GO:0007051","spindle organization","11/279","178/14518",0.000662705539864835,0.0168989912665533,0.0139619541757901,"Kif23/Nuf2/Kif11/Tpx2/Kifc1/Racgap1/Cenph/Aurkb/Plk1/Dlgap5/Ccnb1",11
"GO:0045930","GO:0045930","negative regulation of mitotic cell cycle","12/279","207/14518",0.000674954847133197,0.0170857183201309,0.0141162281513374,"Kntc1/Ticrr/Cdk1/D7Ertd443e/Aurkb/Bub1/Plk1/Tnf/Bub1b/Ccnb1/Brca1/Hmga2",12
"GO:0050867","GO:0050867","positive regulation of cell activation","15/279","299/14518",0.000689654241541803,0.0173313109396157,0.0143191368838809,"Ccn2/Ceacam1/H2-Ab1/Igkc/Cd74/Cd83/H2-Aa/Hamp/Ulbp1/Timd2/Ptprc/Tyrobp/Lilrb4b/Il1rl1/Ptafr",15
"GO:0033674","GO:0033674","positive regulation of kinase activity","17/279","366/14518",0.000737802789771099,0.0180201051682794,0.0148882189850229,"Csf1/Chil1/Ceacam1/Tpx2/Cd74/Ppp1r9a/Tnf/Slc1a1/Kit/Csf1r/Htr2a/Edn1/Ptprc/Ltk/Il1rn/Htr2b/Hmga2",17
"GO:0042116","GO:0042116","macrophage activation","7/279","78/14518",0.00074059779316643,0.0180201051682794,0.0148882189850229,"Nr1d1/Tnf/Hamp/Ulbp1/C1qa/Tyrobp/Il1rl1",7
"GO:0002478","GO:0002478","antigen processing and presentation of exogenous peptide antigen","4/279","22/14518",0.000743043552209904,0.0180201051682794,0.0148882189850229,"Ctss/H2-Ab1/Cd74/H2-Aa",4
"GO:0032703","GO:0032703","negative regulation of interleukin-2 production","4/279","22/14518",0.000743043552209904,0.0180201051682794,0.0148882189850229,"Ceacam1/Laptm5/Ptprc/Lilrb4b",4
"GO:0042044","GO:0042044","fluid transport","4/279","22/14518",0.000743043552209904,0.0180201051682794,0.0148882189850229,"Slc5a1/Edn1/Slc14a1/Mylk2",4
"GO:0070371","GO:0070371","ERK1 and ERK2 cascade","14/279","272/14518",0.00080649232546382,0.0193874675170417,0.0160179343718167,"Lif/Chil1/C3/Ccn2/Ceacam1/Cd74/Iqgap3/Fgf21/Csf1r/Htr2a/Edn1/Ptprc/Alox15/Htr2b",14
"GO:0023061","GO:0023061","signal release","19/279","437/14518",0.000812416689176805,0.0193874675170417,0.0160179343718167,"Ecrg4/Lif/Nr1d1/Ncs1/Maob/Doc2b/Adcy1/Ppp1r9a/Tnf/Trh/Htr2a/Edn1/Prkcb/Trpm2/Gal/Il1rn/P2rx2/Hmga2/Rims3",19
"GO:0051250","GO:0051250","negative regulation of lymphocyte activation","9/279","128/14518",0.000816196729379493,0.0193874675170417,0.0160179343718167,"Ceacam1/Laptm5/H2-Ab1/Cd74/H2-Aa/Tyrobp/Gal/Lilrb4b/Btla",9
"GO:0045860","GO:0045860","positive regulation of protein kinase activity","15/279","305/14518",0.000844679408093198,0.0199275386888926,0.0164641414166107,"Csf1/Chil1/Ceacam1/Tpx2/Ppp1r9a/Tnf/Slc1a1/Kit/Csf1r/Htr2a/Edn1/Ptprc/Il1rn/Htr2b/Hmga2",15
"GO:0045933","GO:0045933","positive regulation of muscle contraction","5/279","39/14518",0.000852767852090638,0.0199517465906479,0.0164841419959156,"Ccn2/Kit/Edn1/Ptafr/Mylk2",5
"GO:0000086","GO:0000086","G2/M transition of mitotic cell cycle","9/279","129/14518",0.000862964817934598,0.0199517465906479,0.0164841419959156,"Ccna2/Ticrr/Cdk1/D7Ertd443e/Cenpf/Plk1/Ccnb1/Brca1/Hmga2",9
"GO:1903305","GO:1903305","regulation of regulated secretory pathway","9/279","129/14518",0.000862964817934598,0.0199517465906479,0.0164841419959156,"Ncs1/Doc2b/Adcy1/Htr2a/Prkcb/Scamp5/Ptafr/P2rx2/Rims3",9
"GO:0010460","GO:0010460","positive regulation of heart rate","4/279","23/14518",0.000885987921105717,0.0203483848370505,0.0168118446932713,"Scn5a/Slc1a1/Edn1/Adm2",4
"GO:0010972","GO:0010972","negative regulation of G2/M transition of mitotic cell cycle","6/279","59/14518",0.00091554049233395,0.0207522511595695,0.0171455192303613,"Ticrr/Cdk1/D7Ertd443e/Plk1/Brca1/Hmga2",6
"GO:0099024","GO:0099024","plasma membrane invagination","6/279","59/14518",0.00091554049233395,0.0207522511595695,0.0171455192303613,"C3/Igkc/Aurkb/Timd2/Megf10/Alox15",6
"GO:1902749","GO:1902749","regulation of cell cycle G2/M phase transition","8/279","105/14518",0.000938309809282206,0.0211302494713681,0.0174578216053736,"Ticrr/Cdk1/D7Ertd443e/Cenpf/Plk1/Ccnb1/Brca1/Hmga2",8
"GO:0002820","GO:0002820","negative regulation of adaptive immune response","5/279","40/14518",0.000959480055915071,0.0214092063502398,0.0176882959040104,"Muc4/Ptprc/Lilrb4b/Il1rl1/Alox15",5
"GO:0010212","GO:0010212","response to ionizing radiation","9/279","131/14518",0.000963043884266841,0.0214092063502398,0.0176882959040104,"Bbc3/Sfrp2/Ticrr/D7Ertd443e/Rad51/Fignl1/Ptprc/Brca1/Hmga2",9
"GO:0002253","GO:0002253","activation of immune response","12/279","216/14518",0.000979510929654924,0.0215207715575609,0.0177804711284164,"C3/C4b/Laptm5/Igkc/C1qc/Prkcb/Kcnn4/C1qa/Ptprc/Tyrobp/Lilrb4b/C1qb",12
"GO:0002694","GO:0002694","regulation of leukocyte activation","19/279","444/14518",0.000980473444663961,0.0215207715575609,0.0177804711284164,"Nr1d1/Ceacam1/Fanca/Laptm5/H2-Ab1/Igkc/Cd74/Cd83/H2-Aa/Hamp/Ulbp1/Timd2/Ptprc/Tyrobp/Gal/Lilrb4b/Il1rl1/Ptafr/Btla",19
"GO:0006909","GO:0006909","phagocytosis","11/279","187/14518",0.000995244778795891,0.0216996196720646,0.0179282355209616,"C3/Igkc/Hck/Tnf/Ncf2/Timd2/Ptprc/Tyrobp/Megf10/Vav1/Alox15",11
"GO:2000300","GO:2000300","regulation of synaptic vesicle exocytosis","6/279","60/14518",0.00100113585568926,0.0216996196720646,0.0179282355209616,"Ncs1/Adcy1/Htr2a/Prkcb/P2rx2/Rims3",6
"GO:0000727","GO:0000727","double-strand break repair via break-induced replication","3/279","11/14518",0.00103332851655633,0.0222582813379959,0.0183898020403159,"Mcm2/Mcm3/Mcm5",3
"GO:2001251","GO:2001251","negative regulation of chromosome organization","7/279","83/14518",0.00107307005110512,0.0226365262164296,0.0187023081287929,"Kntc1/Aurkb/Bub1/Mcm2/Plk1/Bub1b/Ccnb1",7
"GO:0016572","GO:0016572","histone phosphorylation","5/279","41/14518",0.00107580521923737,0.0226365262164296,0.0187023081287929,"Ccna2/Aurkb/Ccnb1/Prkcb/Hmga2",5
"GO:0045124","GO:0045124","regulation of bone resorption","5/279","41/14518",0.00107580521923737,0.0226365262164296,0.0187023081287929,"Ceacam1/Dlk1/Hamp/Csf1r/Car2",5
"GO:0032637","GO:0032637","interleukin-8 production","6/279","61/14518",0.00109274944961235,0.0226365262164296,0.0187023081287929,"Chil1/Serpine1/Cd74/Camp/Tnf/Ptprc",6
"GO:0032677","GO:0032677","regulation of interleukin-8 production","6/279","61/14518",0.00109274944961235,0.0226365262164296,0.0187023081287929,"Chil1/Serpine1/Cd74/Camp/Tnf/Ptprc",6
"GO:1902750","GO:1902750","negative regulation of cell cycle G2/M phase transition","6/279","61/14518",0.00109274944961235,0.0226365262164296,0.0187023081287929,"Ticrr/Cdk1/D7Ertd443e/Plk1/Brca1/Hmga2",6
"GO:1903706","GO:1903706","regulation of hemopoiesis","15/279","313/14518",0.00109657912467133,0.0226365262164296,0.0187023081287929,"Lif/Csf1/Ceacam1/Dlk1/Fanca/Cd74/Cd83/H2-Aa/Tnf/Csf1r/C1qc/Car2/Ptprc/Tyrobp/Lilrb4b",15
"GO:0008643","GO:0008643","carbohydrate transport","9/279","134/14518",0.00113064169741041,0.0232015704533686,0.0191691479311811,"Ak1/C3/Ocln/Slc5a1/Fgf21/Tnf/Edn1/Prkcb/Rnasel",9
"GO:0002696","GO:0002696","positive regulation of leukocyte activation","14/279","282/14518",0.00114173790041656,0.0232914531684979,0.019243409070798,"Ceacam1/H2-Ab1/Igkc/Cd74/Cd83/H2-Aa/Hamp/Ulbp1/Timd2/Ptprc/Tyrobp/Lilrb4b/Il1rl1/Ptafr",14
"GO:0045453","GO:0045453","bone resorption","6/279","62/14518",0.00119065837187012,0.0241473873312608,0.0199505822605754,"Ceacam1/Dlk1/Ctss/Hamp/Csf1r/Car2",6
"GO:0002819","GO:0002819","regulation of adaptive immune response","10/279","163/14518",0.00122036971606411,0.024606059158781,0.0203295371305172,"C3/Muc4/H2-Ab1/Cd74/Tnf/Ptprc/Lilrb4b/Il1rl1/Alox15/Cd1d2",10
"GO:0070633","GO:0070633","transepithelial transport","4/279","25/14518",0.00122806377453118,0.0246180645669025,0.0203394560041002,"Cldn3/Slc5a1/Edn1/Rhbg",4
"GO:0050865","GO:0050865","regulation of cell activation","20/279","489/14518",0.00125807132583854,0.0250746629770578,0.0207166978156837,"Nr1d1/Ccn2/Ceacam1/Fanca/Laptm5/H2-Ab1/Igkc/Cd74/Cd83/H2-Aa/Hamp/Ulbp1/Timd2/Ptprc/Tyrobp/Gal/Lilrb4b/Il1rl1/Ptafr/Btla",20
"GO:0090068","GO:0090068","positive regulation of cell cycle process","12/279","223/14518",0.00128887040174153,0.0253555100199824,0.02094873376871,"Ccn2/Kif23/Cit/Ncapg/Cdk1/Racgap1/Aurkb/Nusap1/Cdca5/Ccnb1/Edn1/Ube2c",12
"GO:0045765","GO:0045765","regulation of angiogenesis","13/279","254/14518",0.00129409609963578,0.0253555100199824,0.02094873376871,"Lif/Chil1/C3/Sfrp2/Ceacam1/Serpine1/Camp/Tnf/Adm2/Prkcb/Mmp9/Brca1/Hmga2",13
"GO:0070661","GO:0070661","leukocyte proliferation","13/279","254/14518",0.00129409609963578,0.0253555100199824,0.02094873376871,"Csf1/Ceacam1/Laptm5/H2-Ab1/Cd74/H2-Aa/Cd70/Csf1r/Ptprc/Tyrobp/Gal/Lilrb4b/Btla",13
"GO:0046928","GO:0046928","regulation of neurotransmitter secretion","7/279","86/14518",0.00132270870422328,0.0257705268890244,0.0212916208923464,"Ncs1/Adcy1/Ppp1r9a/Htr2a/Prkcb/P2rx2/Rims3",7
"GO:0030595","GO:0030595","leukocyte chemotaxis","10/279","165/14518",0.00133801737485476,0.0259231522681358,0.0214177200491306,"Csf1/Serpine1/Cd74/Cxcl2/Kit/Csf1r/Edn1/Trpm2/Vav1/Cxcl5",10
"GO:0034762","GO:0034762","regulation of transmembrane transport","19/279","458/14518",0.00140747384033861,0.0271173293238572,0.0224043496690157,"Ak1/C3/Scn5a/Ocln/Ctss/Nalcn/Kcne1l/Fgf21/Cnih3/Tnf/Hamp/Edn1/Prkcb/Car2/Mmp9/Gal/Rnasel/Kcns1/Ptafr",19
"GO:1901342","GO:1901342","regulation of vasculature development","13/279","257/14518",0.00143811888880494,0.0275546757258316,0.0227656854627917,"Lif/Chil1/C3/Sfrp2/Ceacam1/Serpine1/Camp/Tnf/Adm2/Prkcb/Mmp9/Brca1/Hmga2",13
"GO:0022408","GO:0022408","negative regulation of cell-cell adhesion","10/279","168/14518",0.00153167051555512,0.0291197059870883,0.0240587141676848,"Ceacam1/Muc4/Laptm5/H2-Ab1/Cd74/H2-Aa/Nexmif/Lilrb4b/Il1rn/Btla",10
"GO:0002706","GO:0002706","regulation of lymphocyte mediated immunity","9/279","140/14518",0.00153659348201763,0.0291197059870883,0.0240587141676848,"C3/Ceacam1/Muc4/Tnf/Ulbp1/Ptprc/Lilrb4b/Vav1/Cd1d2",9
"GO:0033044","GO:0033044","regulation of chromosome organization","11/279","198/14518",0.00157798810224336,0.0297416453183695,0.0245725607225769,"Cit/Kntc1/Ncapg/Aurkb/Bub1/Mcm2/Cdca5/Plk1/Bub1b/Ccnb1/Ube2c",11
"GO:0018107","GO:0018107","peptidyl-threonine phosphorylation","8/279","114/14518",0.00159752639571213,0.0298520231664416,0.024663754950238,"Ddit4/Chil1/Cit/Pbk/Cdk1/Plk1/Prkcb/Mylk2",8
"GO:0050866","GO:0050866","negative regulation of cell activation","10/279","169/14518",0.00160106006602023,0.0298520231664416,0.024663754950238,"Nr1d1/Ceacam1/Laptm5/H2-Ab1/Cd74/H2-Aa/Tyrobp/Gal/Lilrb4b/Btla",10
"GO:0002886","GO:0002886","regulation of myeloid leukocyte mediated immunity","5/279","45/14518",0.00164779737079644,0.0300165835321299,0.0247997147982935,"C3/Dnase1l3/Tyrobp/Cxcl5/Ptafr",5
"GO:0034113","GO:0034113","heterotypic cell-cell adhesion","5/279","45/14518",0.00164779737079644,0.0300165835321299,0.0247997147982935,"Pkp2/Tnf/Ptprc/Alox15/Il1rn",5
"GO:0050830","GO:0050830","defense response to Gram-positive bacterium","6/279","66/14518",0.00165095588914179,0.0300165835321299,0.0247997147982935,"Mpeg1/Lyz2/Camp/Hck/Tnf/Hamp",6
"GO:0032467","GO:0032467","positive regulation of cytokinesis","4/279","27/14518",0.00165316247250196,0.0300165835321299,0.0247997147982935,"Kif23/Cit/Racgap1/Aurkb",4
"GO:0042119","GO:0042119","neutrophil activation","4/279","27/14518",0.00165316247250196,0.0300165835321299,0.0247997147982935,"Camp/Dnase1l3/Tyrobp/Ptafr",4
"GO:0002922","GO:0002922","positive regulation of humoral immune response","3/279","13/14518",0.00174077557861407,0.0312798430395523,0.0258434203708072,"C3/Tnf/Ptprc",3
"GO:0006833","GO:0006833","water transport","3/279","13/14518",0.00174077557861407,0.0312798430395523,0.0258434203708072,"Slc5a1/Slc14a1/Mylk2",3
"GO:0044839","GO:0044839","cell cycle G2/M phase transition","9/279","143/14518",0.00177948550514118,0.0317395196242109,0.026223205371548,"Ccna2/Ticrr/Cdk1/D7Ertd443e/Cenpf/Plk1/Ccnb1/Brca1/Hmga2",9
"GO:0010324","GO:0010324","membrane invagination","6/279","67/14518",0.00178466157056549,0.0317395196242109,0.026223205371548,"C3/Igkc/Aurkb/Timd2/Megf10/Alox15",6
"GO:0010828","GO:0010828","positive regulation of glucose transmembrane transport","5/279","46/14518",0.00182016212440256,0.0319934038751176,0.026432964653697,"Ak1/C3/Ocln/Fgf21/Rnasel",5
"GO:0070374","GO:0070374","positive regulation of ERK1 and ERK2 cascade","10/279","172/14518",0.00182467430158422,0.0319934038751176,0.026432964653697,"Chil1/C3/Ccn2/Cd74/Fgf21/Csf1r/Htr2a/Ptprc/Alox15/Htr2b",10
"GO:0010948","GO:0010948","negative regulation of cell cycle process","13/279","264/14518",0.0018266130240119,0.0319934038751176,0.026432964653697,"Lif/Kntc1/Ticrr/Cdk1/Kifc1/D7Ertd443e/Aurkb/Bub1/Plk1/Bub1b/Ccnb1/Brca1/Hmga2",13
"GO:0042886","GO:0042886","amide transport","13/279","265/14518",0.00188860261495076,0.0329129340133127,0.0271926808669451,"Ecrg4/Lif/Nr1d1/Cd74/Doc2b/Tnf/Trh/Edn1/Trpm2/Car2/Slc14a1/Il1rn/Hmga2",13
"GO:0034764","GO:0034764","positive regulation of transmembrane transport","11/279","203/14518",0.00192257816541135,0.0333375053882329,0.02754346192763,"Ak1/C3/Ocln/Ctss/Kcne1l/Fgf21/Edn1/Car2/Gal/Rnasel/Ptafr",11
"GO:0032757","GO:0032757","positive regulation of interleukin-8 production","5/279","47/14518",0.00200536836748968,0.0342297479328347,0.0282806331187932,"Chil1/Serpine1/Cd74/Camp/Tnf",5
"GO:0050854","GO:0050854","regulation of antigen receptor-mediated signaling pathway","5/279","47/14518",0.00200536836748968,0.0342297479328347,0.0282806331187932,"Laptm5/Prkcb/Kcnn4/Ptprc/Lilrb4b",5
"GO:0009314","GO:0009314","response to radiation","16/279","367/14518",0.00201351458428439,0.0342297479328347,0.0282806331187932,"Bbc3/Sfrp2/Pclaf/Ticrr/Pbk/D7Ertd443e/Rad51/Aurkb/Kit/Fignl1/Mmp9/Ptprc/Tafa2/Cryaa/Brca1/Hmga2",16
"GO:1901987","GO:1901987","regulation of cell cycle phase transition","16/279","367/14518",0.00201351458428439,0.0342297479328347,0.0282806331187932,"Ak1/Kntc1/Ticrr/Cdk1/D7Ertd443e/Aurkb/Cenpf/Bub1/Cdca5/Plk1/Tjp3/Bub1b/Ccnb1/Ube2c/Brca1/Hmga2",16
"GO:0051051","GO:0051051","negative regulation of transport","17/279","402/14518",0.00203147825566005,0.0343666662957514,0.0283937551317414,"Lif/Maob/Abcg5/Cd74/Kcne1l/Ppp1r9a/Tnf/Hamp/Trh/Htr2a/Edn1/Prkcb/Lrrtm1/Mmp9/Cryaa/Scamp5/Il1rn",17
"GO:0050806","GO:0050806","positive regulation of synaptic transmission","9/279","146/14518",0.00205219924116946,0.0345486746037656,0.0285441304775845,"Ncs1/Adcy1/Ppp1r9a/Tnf/Slc1a1/Car2/Lrrtm1/Tyrobp/Rims3",9
"GO:0071621","GO:0071621","granulocyte chemotaxis","7/279","93/14518",0.0020819595013363,0.0348803649789095,0.0288181732145304,"Csf1/Cd74/Cxcl2/Csf1r/Edn1/Vav1/Cxcl5",7
"GO:0002347","GO:0002347","response to tumor cell","4/279","29/14518",0.00217092754307863,0.0352321179041025,0.0291087916393392,"Ceacam1/Muc4/Laptm5/Ulbp1",4
"GO:0006270","GO:0006270","DNA replication initiation","4/279","29/14518",0.00217092754307863,0.0352321179041025,0.0291087916393392,"Ticrr/Mcm2/Mcm3/Mcm5",4
"GO:0001911","GO:0001911","negative regulation of leukocyte mediated cytotoxicity","3/279","14/14518",0.00218422876279759,0.0352321179041025,0.0291087916393392,"Ceacam1/Muc4/Ptprc",3
"GO:0002283","GO:0002283","neutrophil activation involved in immune response","3/279","14/14518",0.00218422876279759,0.0352321179041025,0.0291087916393392,"Dnase1l3/Tyrobp/Ptafr",3
"GO:0002710","GO:0002710","negative regulation of T cell mediated immunity","3/279","14/14518",0.00218422876279759,0.0352321179041025,0.0291087916393392,"Muc4/Ptprc/Lilrb4b",3
"GO:0002837","GO:0002837","regulation of immune response to tumor cell","3/279","14/14518",0.00218422876279759,0.0352321179041025,0.0291087916393392,"Ceacam1/Muc4/Ulbp1",3
"GO:0051988","GO:0051988","regulation of attachment of spindle microtubules to kinetochore","3/279","14/14518",0.00218422876279759,0.0352321179041025,0.0291087916393392,"Racgap1/Aurkb/Ccnb1",3
"GO:1902969","GO:1902969","mitotic DNA replication","3/279","14/14518",0.00218422876279759,0.0352321179041025,0.0291087916393392,"Rad51/Mcm2/Mcm3",3
"GO:0150076","GO:0150076","neuroinflammatory response","5/279","48/14518",0.00220397011397553,0.0353282386417959,0.0291882066360009,"Nr1d1/Adcy1/Tnf/C1qa/Tyrobp",5
"GO:0018210","GO:0018210","peptidyl-threonine modification","8/279","120/14518",0.00221056164511814,0.0353282386417959,0.0291882066360009,"Ddit4/Chil1/Cit/Pbk/Cdk1/Plk1/Prkcb/Mylk2",8
"GO:0015833","GO:0015833","peptide transport","12/279","238/14518",0.00222843704768064,0.035450548997048,0.0292892595064544,"Ecrg4/Lif/Nr1d1/Cd74/Doc2b/Tnf/Trh/Edn1/Trpm2/Car2/Il1rn/Hmga2",12
"GO:0048015","GO:0048015","phosphatidylinositol-mediated signaling","9/279","148/14518",0.00225182728072633,0.0355156784625329,0.0293430695000955,"Ncs1/Ceacam1/Cep55/Csf1r/Htr2a/Edn1/Ltk/Htr2b/Ptafr",9
"GO:0090087","GO:0090087","regulation of peptide transport","10/279","177/14518",0.00225301305125641,0.0355156784625329,0.0293430695000955,"Ecrg4/Lif/Nr1d1/Cd74/Doc2b/Tnf/Trh/Trpm2/Car2/Hmga2",10
"GO:0009617","GO:0009617","response to bacterium","19/279","478/14518",0.00228569163203362,0.0358677763796045,0.0296339729573494,"Nr1d1/C3/Wfdc18/Mpeg1/Igkc/Serpine1/Lyz2/Camp/Rgs1/Cxcl2/Hck/Tnf/Hamp/Ncf2/Slfn2/Cxcl5/Ptafr/Lypd8l/Rnase1",19
"GO:0022407","GO:0022407","regulation of cell-cell adhesion","16/279","372/14518",0.00230615229245251,0.0360258385145284,0.0297645639642282,"Ceacam1/Muc4/Laptm5/H2-Ab1/Cd74/Cd83/H2-Aa/Tnf/Ptprc/Nexmif/Megf10/Lilrb4b/Alox15/Il1rn/Ptafr/Btla",16
"GO:0043406","GO:0043406","positive regulation of MAP kinase activity","8/279","121/14518",0.00232859463199903,0.0362133012725231,0.0299194457790955,"Ceacam1/Tnf/Kit/Htr2a/Edn1/Ptprc/Il1rn/Htr2b",8
"GO:0042742","GO:0042742","defense response to bacterium","10/279","178/14518",0.00234767421264878,0.0363334983632569,0.0300187526694546,"Wfdc18/Mpeg1/Igkc/Serpine1/Lyz2/Camp/Hck/Tnf/Hamp/Cxcl5",10
"GO:0002768","GO:0002768","immune response-regulating cell surface receptor signaling pathway","9/279","149/14518",0.00235727714294487,0.0363334983632569,0.0300187526694546,"Laptm5/Igkc/Kit/Prkcb/Kcnn4/Ptprc/Tyrobp/Lilrb4b/Btla",9
"GO:0048017","GO:0048017","inositol lipid-mediated signaling","9/279","150/14518",0.00246661610280449,0.0375324050148244,0.0310092898835525,"Ncs1/Ceacam1/Cep55/Csf1r/Htr2a/Edn1/Ltk/Htr2b/Ptafr",9
"GO:0001774","GO:0001774","microglial cell activation","4/279","30/14518",0.002467528357376,0.0375324050148244,0.0310092898835525,"Nr1d1/Tnf/C1qa/Tyrobp",4
"GO:1902042","GO:1902042","negative regulation of extrinsic apoptotic signaling pathway via death domain receptors","4/279","30/14518",0.002467528357376,0.0375324050148244,0.0310092898835525,"Sfrp2/Serpine1/Faim2/Brca1",4
"GO:0050670","GO:0050670","regulation of lymphocyte proliferation","10/279","180/14518",0.00254658506118623,0.038565751057615,0.0318630408483057,"Ceacam1/Laptm5/H2-Ab1/Cd74/H2-Aa/Ptprc/Tyrobp/Gal/Lilrb4b/Btla",10
"GO:0071479","GO:0071479","cellular response to ionizing radiation","6/279","72/14518",0.002580171801992,0.0389045035187316,0.0321429182838546,"Bbc3/Sfrp2/Rad51/Fignl1/Brca1/Hmga2",6
"GO:0006911","GO:0006911","phagocytosis, engulfment","5/279","50/14518",0.00264358866830718,0.0393474914235592,0.0325089150898222,"C3/Igkc/Timd2/Megf10/Alox15",5
"GO:0046850","GO:0046850","regulation of bone remodeling","5/279","50/14518",0.00264358866830718,0.0393474914235592,0.0325089150898222,"Ceacam1/Dlk1/Hamp/Csf1r/Car2",5
"GO:0061028","GO:0061028","establishment of endothelial barrier","5/279","50/14518",0.00264358866830718,0.0393474914235592,0.0325089150898222,"Cldn3/Marveld2/Cldn1/Tnf/Tjp3",5
"GO:0002418","GO:0002418","immune response to tumor cell","3/279","15/14518",0.00269174580788792,0.0393880778977018,0.032542447652991,"Ceacam1/Muc4/Ulbp1",3
"GO:0002888","GO:0002888","positive regulation of myeloid leukocyte mediated immunity","3/279","15/14518",0.00269174580788792,0.0393880778977018,0.032542447652991,"C3/Tyrobp/Ptafr",3
"GO:0007076","GO:0007076","mitotic chromosome condensation","3/279","15/14518",0.00269174580788792,0.0393880778977018,0.032542447652991,"Ncapg/Nusap1/Cdca5",3
"GO:0071801","GO:0071801","regulation of podosome assembly","3/279","15/14518",0.00269174580788792,0.0393880778977018,0.032542447652991,"Lcp1/Hck/Tnf",3
"GO:0002444","GO:0002444","myeloid leukocyte mediated immunity","6/279","73/14518",0.00276686177320785,0.0403171286953143,0.0333100298393266,"C3/Kit/Dnase1l3/Tyrobp/Cxcl5/Ptafr",6
"GO:0001912","GO:0001912","positive regulation of leukocyte mediated cytotoxicity","5/279","51/14518",0.00288572391003,0.0417086351744285,0.0344596931174632,"Ulbp1/Ptprc/Tyrobp/Vav1/Cd1d2",5
"GO:0050804","GO:0050804","modulation of chemical synaptic transmission","17/279","416/14518",0.00289522151976329,0.0417086351744285,0.0344596931174632,"Ncs1/Adcy1/Ppp1r9a/Dlgap1/Tnf/Slc1a1/Kit/Htr2a/Edn1/Prkcb/Car2/Lrrtm1/Mmp9/Tyrobp/P2rx2/Rims3/Mylk2",17
"GO:0042113","GO:0042113","B cell activation","11/279","214/14518",0.00289843745012609,0.0417086351744285,0.0344596931174632,"Laptm5/H2-Ab1/Igkc/Igkj5/Cd74/Kit/Cd70/Prkcb/Ptprc/Tyrobp/Btla",11
"GO:0044773","GO:0044773","mitotic DNA damage checkpoint signaling","6/279","74/14518",0.00296349120926467,0.0421986219478048,0.0348645204097386,"Ticrr/Cdk1/D7Ertd443e/Plk1/Brca1/Hmga2",6
"GO:0099177","GO:0099177","regulation of trans-synaptic signaling","17/279","417/14518",0.00296712393990907,0.0421986219478048,0.0348645204097386,"Ncs1/Adcy1/Ppp1r9a/Dlgap1/Tnf/Slc1a1/Kit/Htr2a/Edn1/Prkcb/Car2/Lrrtm1/Mmp9/Tyrobp/P2rx2/Rims3/Mylk2",17
"GO:0051588","GO:0051588","regulation of neurotransmitter transport","7/279","99/14518",0.00296899185561256,0.0421986219478048,0.0348645204097386,"Ncs1/Adcy1/Ppp1r9a/Htr2a/Prkcb/P2rx2/Rims3",7
"GO:0019221","GO:0019221","cytokine-mediated signaling pathway","14/279","313/14518",0.00300172393911682,0.0424897086565597,0.0351050163792738,"Csf1/Ceacam1/Laptm5/Cd74/Cxcl2/Tnf/Slc1a1/Kit/Cd70/Csf1r/Edn1/Ptprc/Cxcl5/Il1rn",14
"GO:0007186","GO:0007186","G protein-coupled receptor signaling pathway","18/279","454/14518",0.0030406292277166,0.042865455941956,0.0354154589552614,"Ecrg4/C3/Rgs1/Adcy1/Dgkg/Htr2a/Edn1/Adm2/Olfr1033/Rgs8/Car2/Gal/Npw/Mchr1/Vav1/Adgrf3/Htr2b/Ptafr",18
"GO:0036230","GO:0036230","granulocyte activation","4/279","32/14518",0.00314197528971045,0.044065236479296,0.036406718174177,"Camp/Dnase1l3/Tyrobp/Ptafr",4
"GO:0007600","GO:0007600","sensory perception","15/279","349/14518",0.00315114724534758,0.044065236479296,0.036406718174177,"Gjb4/Gpr179/Marveld2/Gjb6/Ctss/Gjb2/Kit/Htr2a/Atp6v1b1/Edn1/Olfr1033/Cryaa/Il1rn/Ptafr/P2rx2",15
"GO:0006936","GO:0006936","muscle contraction","12/279","249/14518",0.00322498871960937,0.044745671419329,0.0369688938272973,"Ccn2/Scn5a/Pkp2/Kcne1l/Kit/Htr2a/Edn1/Myom2/Htr2b/Ptafr/P2rx2/Mylk2",12
"GO:0071902","GO:0071902","positive regulation of protein serine/threonine kinase activity","10/279","186/14518",0.00322561068478439,0.044745671419329,0.0369688938272973,"Ceacam1/Tnf/Kit/Csf1r/Htr2a/Edn1/Ptprc/Il1rn/Htr2b/Hmga2",10
"GO:0014075","GO:0014075","response to amine","3/279","16/14518",0.00326619817587281,0.0451281883423383,0.0372849294809217,"Slc1a1/Edn1/Htr2b",3
"GO:0044057","GO:0044057","regulation of system process","19/279","494/14518",0.00328616524929524,0.0452238931926821,0.0373640008712683,"Ecrg4/Lif/Ccn2/Scn5a/Pkp2/Abcg5/Ctss/Kcne1l/Dlgap1/Slc1a1/Kit/Hamp/Htr2a/Edn1/Adm2/Faah/Gal/Ptafr/Mylk2",19
"GO:0002790","GO:0002790","peptide secretion","11/279","218/14518",0.00333936739298477,0.0457744115370403,0.0378188393746809,"Ecrg4/Lif/Nr1d1/Cd74/Doc2b/Tnf/Trh/Edn1/Trpm2/Il1rn/Hmga2",11
"GO:0050900","GO:0050900","leukocyte migration","13/279","285/14518",0.00354253511002504,0.0483681565416017,0.0399617926626115,"Csf1/Serpine1/Cd74/Cxcl2/Tnf/Kit/Csf1r/Edn1/Trpm2/Mmp9/Vav1/Cxcl5/Ptafr",13
"GO:0003013","GO:0003013","circulatory system process","17/279","425/14518",0.00359758695947303,0.0489271826488332,0.0404236602835318,"Ccn2/Ceacam1/Scn5a/Ocln/Pkp2/Slc5a1/Kcne1l/Slc1a1/Tjp3/Htr2a/Edn1/Adm2/Ncf2/Faah/Htr2b/Ptafr/P2rx2",17
"GO:0071478","GO:0071478","cellular response to radiation","9/279","159/14518",0.00364262542953166,0.0493461913656867,0.0407698454736233,"Bbc3/Sfrp2/Pbk/Rad51/Aurkb/Fignl1/Mmp9/Brca1/Hmga2",9
"GO:0050868","GO:0050868","negative regulation of T cell activation","7/279","103/14518",0.00370425347664608,0.0498445176374433,0.0411815628632067,"Ceacam1/Laptm5/H2-Ab1/Cd74/H2-Aa/Lilrb4b/Btla",7
"GO:0032663","GO:0032663","regulation of interleukin-2 production","5/279","54/14518",0.0037081561564188,0.0498445176374433,0.0411815628632067,"Ceacam1/Laptm5/Cd83/Ptprc/Lilrb4b",5
